url_path,views_total,views_unique
/dhschall/gem5-fdp,14,9
/dhschall/gem5-fdp/issues,2,2
/dhschall/gem5-fdp/commits/multi-taken-dev,2,1
/dhschall/gem5-fdp/tree/multi-taken-dev,2,1
/dhschall/gem5-fdp/blob/a445f235ae819674539283bce766ccc1f5552528/src/cpu/pred/multi_level_btb.cc,1,1
/dhschall/gem5-fdp/blob/multi-taken-dev/src/cpu/o3/bac.cc,1,1
/dhschall/gem5-fdp/blob/multilevel_btb-new/src/mem/cache/prefetch/fdp.cc,1,1
/dhschall/gem5-fdp/commit/00e1f8057dc7b15737592fdedde06ae96b3f3752,1,1
/dhschall/gem5-fdp/commit/0978d1fa1ee1ea41b4601027a710c76768fb9ab7,1,1
/dhschall/gem5-fdp/commit/b9540e070d3cf508b4c98689d56625440cee84b1,1,1
